ident,name
1,"Abercrombie, Lascelles"
2,"Abse, Dannie"
3,"Achebe, Chinua"
4,"Ackerman, Diane"
5,"Acorn, Milton"
7,"Adams, Léonie"
8,"Adamson, Robert"
9,"Adcock, Fleur"
11,"Agard, John"
15,Ai
16,"Aidoo, Ama Ata"
17,"Aiken, Conrad"
18,"Aldington, Richard"
19,"Ali, Agha Shahid"
20,"Allen, Dick"
21,"Allison, Drummond"
22,"Allott, Kenneth"
23,Alurista
24,"Alvarez, A."
26,"Amis, Kingsley"
27,"Ammons, A. R."
28,"Anderson, Ethel"
29,"Anderson, Jon"
30,"Anderson, Patrick"
32,"Angelou, Maya"
33,"Angira, Jared"
35,"Ansen, Alan"
37,"Anyidoho, Kofi"
38,"Arasanayagam, Jean Solomons"
39,"Armitage, Simon"
40,"Arrowsmith, William"
42,"Ash, John"
43,"Ashbery, John"
45,"Atwood, Margaret"
46,"Auden, W. H."
48,"Avison, Margaret"
49,"Awoonor, Kofi"
50,"Baca, Jimmy Santiago"
52,"Baker, Howard"
54,"Banning, Lex"
55,"Baraka, Amiri Imamu"
56,"Barbour, Douglas"
57,"Barker, George"
59,"Baxter, James K."
61,"Beaver, (Victor) Bruce"
62,"Beckett, Samuel"
63,"Beer, Patricia"
64,"Belitt, Ben"
67,"Bell, Martin"
68,"Bell, Marvin"
70,"Bellerby, Frances"
71,"Belloc, Hilaire"
75,"Bennett, Louise"
76,"Bentley, E. C. (Edward Clerihew)"
77,"Berg, Stephen"
79,"Berrigan, Daniel (J.)"
80,"Berrigan, Ted"
81,"Berry, Francis"
82,"Berry, James"
83,"Berry, Wendell"
84,"Berryman, John"
85,"Berssenbrugge, Mei-Mei"
86,"Bethell, (Mary) Ursula"
87,"Betjeman, Sir John"
88,"Bhatt, Sujata"
89,"Bidart, Frank"
91,"Binyon, (Robert) Laurence"
92,"Birney, (Alfred) Earle"
93,"Bishop, Elizabeth"
95,"bissett, bill"
96,"Blackburn, Paul"
99,"Blackmur, R. P. (Richard Palmer)"
103,"Blessing, Richard"
104,"Blight, John"
106,"Blumenthal, Michael"
107,"Blunden, Edmund"
109,"Bly, Robert"
111,"Bogan, Louise"
112,"Boland, Eavan"
115,"Booth, Philip"
118,"Bottoms, David"
119,"Bottrall, Ronald"
120,"Bowering, George"
121,"Bowering, Marilyn"
122,"Bowers, Edgar"
124,"Boyle, Charles"
126,"Brackenbury, Alison"
127,"Brasch, Charles"
128,"Brathwaite, E. K."
129,"Braun, Richard Emil"
131,"Brennan, Christopher"
132,"Brew, (O. H.) Kwesi"
133,"Brewster, Elizabeth"
134,"Bridges, Robert"
135,"Bringhurst, Robert"
136,"Brissenden, R. F."
137,"Brock, Edwin"
138,"Brock-Broido, Lucie"
140,"Bronk, William"
141,"Brooke, Rupert"
142,"Brooks, Gwendolyn"
143,"Brown, Pam(ela)"
144,"Brown, George Mackay"
146,"Brown, Sterling A."
147,"Brown, Wayne"
148,"Browne, Michael Dennis"
152,"Buckley, Vincent"
153,"Buckmaster, Charles"
154,"Bukowski, Charles"
155,"Bunting, Basil"
156,"Burke, Kenneth"
157,"Burnshaw, Stanley"
158,"Burnside, John"
159,"Butler, Guy"
160,"Butlin, Ron"
161,"Bynner, Witter"
164,"Cameron, (John) Norman"
165,"Campbell, Alistair"
166,"Campbell, David"
167,"Campbell, George"
168,"Campbell, (Ignatius) Roy(ston) (Dunnachie)"
171,"Carruth, Hayden"
172,"Carson, Ciaran"
173,"Carter, Martin"
174,"Carver, Raymond"
175,"Cassity, Turner"
176,"Catalano, Gary"
178,"Causley, Charles"
180,"Cervantes, Lorna Dee"
181,"Challis, Gordon"
182,"Chappell, Fred"
183,"Charles, Faustin"
184,"Cheney-Coker, Syl"
185,"Chesterton, G. K."
186,"Chimombo, Steve"
187,"Chipasula, Frank Mkalawile"
188,"Chitre, Dilip Purushottam"
189,"Christopher, Nicholas"
190,"Chuilleanáin, Eiléan Ní"
192,"Clampitt, Amy"
193,"Clark, Tom"
194,"Clark Bekederemo, J. P."
195,"Clarke, Austin"
196,"Clarke, Gillian"
198,"Clemo, Jack"
199,"Clifton, Lucille"
200,"Clouts, Sydney David"
202,"Colebatch, Hal Gibson Pateshall"
204,"Coles, Don"
205,"Colum, Padraic"
209,"Conn, Stewart"
210,"Connor, Tony"
211,"Conquest, (George) Robert (Ackworth)"
212,"Constantine, David"
215,"Cooper, Jane"
217,"Corman, Cid"
218,"Corn, Alfred"
219,"Cornford, Frances"
220,"Cornford, (Rupert) John"
221,"Corso, (Nunzio) Gregory"
222,"Coulette, Henri"
223,"Cowley, Malcolm"
224,"Crane, (Harold) Hart"
226,"Crapsey, Adelaide"
227,"Crase, Douglas"
228,"Crawford, Robert"
229,"Creeley, Robert"
230,"Cronin, Jeremy"
231,"Crozier, Lorna"
232,"Cruz, Victor Hernandez"
233,"Cullen, Countee"
234,"Cullinan, Patrick"
235,"Cummings, E. E."
236,"Cunningham, J. V."
237,"Curnow, (Thomas) Allen (Munro)"
238,"Curtis, Tony"
239,"Dabydeen, Cyril"
240,"Dabydeen, David"
241,"D'Aguiar, Fred(erick)"
242,"Dale, Peter (John)"
243,"Dallas, Ruth"
244,"Dangor, Achmat"
245,"Daruwalla, Keki Nasserwanji"
246,"Daryush, Elizabeth"
247,"Das, Kamala"
250,"Davey, Frank"
251,"Davidson, Donald"
253,"Davie, Donald"
254,"Davies, Idris"
255,"Davies, W. H."
256,"Davis, Dick"
257,"Davis, Jack"
258,"Davison, Peter"
259,"Dawe, (Donald) Bruce"
260,"Day Lewis, C."
264,"de Hoyos, Angela"
265,"de la Mare, Walter"
266,"Denby, Edwin"
267,"Dennis, C. J."
269,"de Silva, Alfreda"
270,"de Souza, Eunice"
272,"Devlin, Denis"
274,"Dickey, James"
275,"Dickey, William"
276,"Dickinson, Patric Thomas"
277,"Didsbury, Peter"
278,"di Michele, Mary"
279,"Dipoko, Mbella Sonne"
280,"di Prima, Diane"
281,"Disch, Tom"
282,"Dobson, Rosemary"
283,"Dobyns, Stephen J."
284,"Donaghy, Michael"
285,"Doolittle, Hilda"
286,"Dorn, Ed(ward)"
288,"Douglas, Keith"
289,"Dove, Rita"
290,"Downie, Freda"
291,"Dransfield, Michael"
292,"Drinkwater, John"
293,"Driver, C. J."
294,"Dubie, Norman"
295,"Dudek, Louis"
296,"Duffy, Carol Ann"
297,"Dugan, Alan"
298,"Duggan, Eileen"
299,"Duggan, Laurie"
300,"Duncan, Robert"
301,"Dunmore, Helen"
302,"Dunn, Douglas"
303,"Dunn, Stephen"
304,"Durcan, Paul"
305,"Durrell, Lawrence"
306,"Dutton, Geoffrey"
308,"Dyment, Clifford"
309,"Eberhart, Richard"
310,"Echeruo, Michael"
311,"Edgar, Stephen"
312,"Edmond, Lauris"
313,"Edmond, Murray"
315,"Ee, Tiang Hong"
317,"Eigner, Larry"
318,"Elder, Anne"
319,"Eliot, T. S."
320,"Elliot, Alistair"
322,"Empson, William"
323,"Engle, Paul"
325,"Enright, D. J."
326,"Enslin, Theodore"
327,"Eshleman, Clayton"
328,"Espada, Martín"
329,"Everson, R. G."
330,"Everson, William"
331,"Ewart, Gavin"
332,"Ezekiel, Nissim"
334,"Fahey, Diane"
335,"Fainlight, Harry"
336,"Fainlight, Ruth"
337,"Fairburn, Arthur Rex Dugard"
339,"Fallon, Padraic"
340,"Fanthorpe, U. A. (Ursula Askham)"
347,"Fenton, James"
348,"Ferlinghetti, Lawrence (Mendes-Monstanto)"
349,"Fernando, Patrick"
350,"Ferry, David"
352,"Field, Edward"
353,"Figueroa, John Joseph Maria"
355,"Finkel, Donald"
357,"Fisher, Roy"
359,"FitzGerald, R. D. (Robert David)"
360,"Fitzgerald, Robert"
362,"Flecker, James Elroy"
364,"Fletcher, John Gould"
365,"Flint, F. S. (Frank Stuart)"
366,"Forbes, John"
367,"Forché, Carolyn"
368,"Ford, Ford Madox"
369,"Ford, Mark"
370,"Ford, R. A. D. (Robert Arthur Douglass)"
371,"Forrest-Thomson, Veronica"
372,"Foulcher, John"
373,"Frame, Janet"
374,"Francis, Robert"
376,"French, Anne"
378,"Frost, Robert"
381,"Fuller, John"
382,"Fuller, Roy"
387,"Gallagher, Tess"
388,"Gardner, Isabella"
389,"Garfitt, Roger"
390,"Garioch, Robert"
391,"Garlick, Raymond"
392,"Garrett, George"
393,"Garrigue, Jean"
394,"Gascoyne, David"
395,"Geddes, Gary"
398,"Ghiselin, Brewster"
399,"Ghose, Zulfikar"
402,"Gilbert, Jack"
403,"Gilbert, Kevin J."
404,"Gillies, Valerie"
405,"Gilmore, Mary"
406,"Ginsberg, Allen"
407,"Gioia, Dana"
408,"Giovanni, Nikki"
409,"Glassco, John"
410,"Glover, Denis"
411,"Glück, Louise"
412,"Gogarty, Oliver St John"
413,"Goldbarth, Albert"
414,"Goldsworthy, Peter"
415,"Gonzales, Rodolfo ‘Corky’"
416,"Goodison, Lorna"
418,"Gooneratne, Yasmine"
419,"Gould, Alan"
420,"Graham, Jorie"
421,"Graham, W. S."
422,"Grant, Jamie"
423,"Graves, Robert"
425,"Gray, John"
426,"Gray, Robert"
427,"Gray, Stephen"
428,"Greacen, Robert"
429,"Greenberg, Samuel"
431,"Gregg, Linda"
432,"Gregor, Arthur"
433,"Gregory, Horace"
434,"Greig, Andrew"
437,"Grigson, Geoffrey"
438,"Grosholz, Emily"
439,"Gross, Philip"
440,"Grossman, Allen"
442,"Guest, Barbara"
443,"Gunn, Thom(son William)"
444,"Gurney, Ivor"
445,"Gustafson, Ralph"
446,"Guthrie, Ramon"
448,"Gwala, Mafika Pascal"
449,"Gwynn, R. S."
450,"Hacker, Marilyn"
451,"Hadas, Rachel"
452,"Haines, John"
453,"Hall, Donald"
454,"Hall, J. C."
455,"Hall, Rodney"
457,"Hamburger, Michael"
458,"Hamilton, George Rostrevor"
459,"Hamilton, Ian"
460,"Hampton, Susan"
461,"Haq, Kaiser"
462,"Hardy, Thomas"
463,"Harford, Lesbia"
465,"Harper, Michael S."
466,"Harris, Max"
468,"Harrison, Jim"
469,"Harrison, Tony"
470,"Harry, J. S."
471,"Harsent, David"
472,"Hart, Kevin"
473,"Hartigan, P. J."
474,"Hartnett, David"
475,"Hartnett, Michael"
476,"Hart-Smith, William"
477,"Harwood, Gwen"
478,"Harwood, Lee"
479,"Hashmi, Alamgir"
480,"Haskell, Dennis"
481,"Hasluck, Nicholas"
482,"Hass, Robert"
483,"Hay, George Campbell"
484,"Hayden, Robert"
485,H. D.
486,"Heaney, Seamus"
487,"Heath-Stubbs, John"
488,"Hecht, Anthony"
492,"Hendriks, A. L."
493,"Hendry, J. F."
496,"Hewett, Dorothy"
497,"Hewitt, John"
498,"Higgins, Bertram"
500,"Higgins, F. R."
501,"Hill, Sir Geoffrey"
503,"Hillyer, Robert"
504,"Hine, Daryl"
505,"Hirsch, Edward"
506,"Hobsbaum, Philip"
507,"Hodgins, Philip"
508,"Hodgson, Ralph Edwin"
509,"Hoffman, Daniel"
510,"Hofmann, Michael"
513,"Hollander, John"
514,"Hollo, Anselm"
516,"Hongo, Garrett"
518,"Hope, A. D."
525,"Housman, A. E."
526,"Houston, Douglas"
528,"Hove, Chenjerai"
529,"Howard, Richard"
532,"Hudgins, Andrew"
534,"Hueffer, Ford Madox"
535,"Hughes, Glyn"
536,"Hughes, Langston"
537,"Hughes, Ted"
538,"Hugo, Richard"
539,"Hulme, T. E."
541,"Hummer, T. R."
542,"Humphreys, Emyr"
543,"Humphries, Rolfe"
544,"Hunt, Sam"
546,"Hyde, Robin"
547,"Ignatow, David"
549,"Imlah, Mick"
550,"Inada, Lawson"
551,"Ingamells, Rex"
553,"Ireland, Kevin"
556,"Jackson, Michael"
558,"James, Clive"
560,"Jarrell, Randall"
561,"Jeffers, Robinson"
562,"Jenkins, Alan"
563,"Jennings, Elizabeth"
564,"Jensen, Laura"
565,"Jiles, Paulette"
567,"Johnson, Amryl"
569,"Johnson, Colin"
570,"Johnson, Denis"
571,"Johnson, James Weldon"
572,"Johnson, Linton Kwesi"
573,"Johnson, Louis"
574,"Johnston, George"
575,"Johnston, Martin"
576,"Jones, Brian"
577,"Jones, David"
578,"Jones, D. G."
579,"Jones, Evan"
580,"Jones, Glyn"
581,"Jones, LeRoi"
582,"Jones, Rae Desmond"
583,"Jones, Rodney"
584,"Jones, Sally Roberts"
585,"Jones, T. Harri (Thomas Henry)"
587,"Joseph, M. K."
588,"Joyce, James"
589,"Jussawalla, Adil (Jehangir)"
590,"Justice, Donald"
592,"Kamal, Daud"
594,"Kavanagh, P. J. (Patrick Joseph Gregory)"
595,"Kavanagh, Patrick"
596,kayak
597,"Keene, Dennis"
598,"Kees, Weldon"
599,"Keesing, Nancy (Hertzberg)"
600,"Kefala, Antigone"
601,"Kell, Richard (Alexander)"
602,"Kelly, Robert"
603,"Kennedy, X. J."
604,"Kennelly, Brendan"
605,"Kenney, Richard"
606,"Kenyon, Jane"
608,"Keyes, Sidney (Arthur Kilworth)"
610,"Kilmer, Joyce"
611,"Kinnell, Galway"
612,"Kinsella, Thomas"
614,"Kipling, Rudyard"
615,"Kirkup, James (Falconer)"
616,"Kizer, Carolyn"
617,"Klappert, Peter"
618,"Klein, A. M. (Abraham Moses)"
619,"Knight, Etheridge"
620,"Knister, (John) Raymond"
621,"Knott, Bill"
623,"Koch, Kenneth"
624,"Koethe, John"
625,"Kolatkar, Arun Balkrishna"
626,"Komunyakaa, Yusef"
627,"Kreymborg, Alfred"
628,"Kroetsch, Robert"
629,"Kumin, Maxine"
630,"Kunene, Mazisi"
631,"Kunitz, Stanley"
633,"Laing, Kojo"
635,"Lamantia, Philip"
637,"Lane, Patrick"
639,"Lansdown, Andrew"
641,"Lasdun, James"
643,"Laughlin, James"
644,"Lawrence, D. H."
645,"Lawson, Henry"
646,"Layton, Irving"
647,"Lea, Sydney"
648,"Ledwidge, Francis"
649,"Lee, Don L."
650,"Lee, Laurie"
652,"Lee, Tzu Pheng"
653,"Lehman, David"
654,"Lehmann, Geoffrey"
655,"Lehmann, John"
656,"Leithauser, Brad"
657,"Leonard, Tom"
658,"LePan, Douglas"
660,"Levertov, Denise"
661,"Levi, Peter"
662,"Levine, Philip"
663,"Levis, Larry"
664,"Lewis, Alun"
665,"Lewis, C. Day"
667,"Lewis, Janet"
668,"Lewis, (Percy) Wyndham"
669,"Lieberman, Laurence"
670,"Lim, Shirley Geok-lin"
672,"Lindop, Grevel"
674,"Lindsay, Vachel"
677,"Livesay, Dorothy"
678,"Livingstone, Douglas"
679,"Llewellyn, Kate"
680,"Lochhead, Douglas Grant"
681,"Lochhead, Liz"
682,"Loewinsohn, Ron(ald William)"
683,"Logan, John"
684,"Logan, William"
685,"Logue, Christopher"
687,"Lomas, Herbert"
689,"Longley, Michael"
690,"Lorde, Audre Geraldin"
692,"Lowbury, Edward"
693,"Lowell, Amy"
694,"Lowell, Robert"
696,"Lowther, Pat(ricia Louise)"
697,"Loy, Mina"
698,"Lucie-Smith, (John) Edward (McKenzie)"
699,"Ludvigson, Susan"
700,"Lux, Thomas"
701,"McAuley, James"
702,"MacBeth, George"
704,"MacCaig, Norman"
705,"McClatchy, J. D."
706,"McClure, Michael"
708,"McCuaig, Ronald"
709,"MacDiarmid, Hugh"
710,"MacDonagh, Thomas"
711,"MacDonald, Cynthia"
712,"McDonald, Nan"
714,"McDowell, Robert"
715,"MacEwen, Gwendolyn"
716,"McFadden, David W."
717,"McFadden, Roy"
718,"McGinley, Phyllis"
720,"McGrath, Thomas"
723,"McKay, Claude"
724,"Mackenzie, Kenneth Seaforth"
726,"Mackinnon, Lachlan"
727,"Maclean, Alasdair"
729,"MacLeish, Archibald"
730,"McMaster, Rhyll"
731,"McMichael, James"
732,"McMillan, Ian"
733,"MacNeice, Louis"
734,"McNeill, Anthony"
735,"Macpherson, Jay"
736,"McPherson, Sandra"
737,"Maddox, Everette"
738,"Madge, Charles"
739,"Madhubuti, Haki R."
741,"Mahapatra, Jayanta"
742,"Mahon, Derek"
743,"Maiden, Jennifer"
745,"Malley, Ern"
746,"Malouf, David"
747,"Mandel, Eli (as Wolf)"
748,"Manhire, Bill"
750,"Mann, Chris(topher Zithulele)"
754,"Marechera, Dambudzo"
755,"Markham, E. A."
757,"Marlatt, Daphne"
758,"Marquis, Don(ald Robert Perry)"
759,"Marriott, Anne"
761,"Marshall, Tom"
762,"Marson, Una"
764,"Martin, Charles"
766,"Martin, William"
767,"Masefield, John"
768,"Mason, R. A. K."
769,"Massingham, Harold"
770,"Masters, Edgar Lee"
771,"Mathew, Ray(mond Frank)"
772,"Mathews, Harry"
773,"Mathias, Roland"
774,"Matthews, Harley"
775,"Matthews, William"
776,"Maurice, Furnley"
777,"Maxwell, Glyn"
780,"Mehrotra, Arvind Krishna"
781,"Menashe, Samuel"
782,"Meredith, William"
783,"Merrill, James"
784,"Merton, Thomas"
785,"Merwin, W. S."
786,"Mew, Charlotte"
787,"Meynell, Alice"
788,"Mezey, Robert"
790,"Middleton, Christopher"
791,"Miles, Josephine"
792,"Millay, Edna St Vincent"
793,"Miller, Ruth"
794,"Miller, Vassar"
798,"Minhinnick, Robert"
799,"Mitchell, Adrian"
800,"Mnthali, Felix"
801,"Mole, John"
802,"Moll, E. G."
803,"Monro, Harold"
805,"Montague, John"
807,"Moore, Marianne"
808,"Moore, Merrill"
809,"Moore, Nicholas"
811,"Moraes, Dom"
812,"Morgan, Edwin"
813,"Morgan, (George) Frederick"
814,"Morgan, Robert"
816,"Morris, Mervyn"
817,"Morrison, Blake"
818,"Moss, Howard"
820,"Mouré, Erin"
823,"Mtshali, Oswald (Joseph) Mbuyiseni"
824,"Mudie, Ian"
825,"Muhammad, Haji Salleh"
826,"Muir, Edwin"
827,"Muldoon, Paul"
829,"Murphy, Richard"
830,"Murray, Les(lie Allan)"
831,"Musgrave, Susan"
832,"Muske(-Dukes), Carol"
833,"Nabokov, Vladimir"
835,"Nair, Chandran"
836,"Nash, Ogden"
840,"Neilson, (John) Shaw"
841,"Nemerov, Howard Stanley"
847,"Newlove, John"
856,"Nichol, bp"
857,"Nichols, Grace"
858,"Nicholson, Norman"
859,"Niedecker, Lorine"
860,"Nims, John Frederick"
863,"Noonuccal, Oodgeroo"
864,"Norris, Leslie"
865,"Nortje, Arthur"
866,"Nowlan, Alden"
867,"Ntiru, Richard"
869,"Nye, Robert"
870,"Motion, Sir Andrew"
872,"O'Brien, John"
873,"O'Brien, Sean"
875,"O'Connor, Mark"
876,"O'Connor, Philip"
877,"Ofeimun, Odia"
878,"O'Grady, Desmond"
879,"O'Hara, Frank"
880,"Ojaide, Moses Tanure"
881,"Okai, John Atukwei"
882,"Okara, Gabriel Imomotimi Gbaingbain"
883,"Okigbo, Christopher"
884,"Olds, Sharon"
885,"Oliver, Mary"
886,"Olson, Charles"
887,"Olson, Elder"
888,"Ondaatje, Michael"
889,"Nelson (Waniek), Marilyn"
891,"Oppen, George"
892,"Oppenheimer, Joel"
894,"Ormond, John"
895,"Ormsby, Frank"
896,"Orr, Gregory"
897,"O'Sullivan, Vincent"
898,"Osundare, Niyi"
899,"Owen, Jan"
900,"Owen, Wilfred"
901,"Oyebode, Femi"
902,"Padgett, Ron"
903,"Page, Geoff(rey Donald)"
904,"Page, P. K. (Patricia Kathleen)"
905,"Palmer, Michael"
906,"Pankey, Eric"
908,"Parker, Dorothy"
909,"Parsons, Clere (Trevor James Herbert)"
910,"Parthasarathy, Rajagopal"
912,"Pastan, Linda"
913,"Patchen, Kenneth"
914,"Patel, Essop"
915,"Patel, Gieve"
916,"Paterson, A. B."
918,"Paulin, Tom"
919,"p'Bitek, Okot"
920,"Peacock, Molly"
921,"Peake, Mervyn (Lawrence)"
923,"Peeradina, Saleem"
927,"Peters, Lenrie"
928,"Petersen, Donald"
929,"Phillips, Robert"
930,"Pickard, Tom"
931,"Piercy, Marge"
932,"Pinkerton, Helen"
933,"Pinsky, Robert"
934,"Pinter, Harold"
935,"Pitter, Ruth"
937,"Plath, Sylvia"
938,"Plomer, William (Charles Franklyn)"
940,"Plutzik, Hyam"
952,"Porter, Peter"
954,"Powell, Craig"
956,"Pratt, E. J. (Edwin John)"
957,"Prewett, Frank"
958,"Prince, F. T. (Frank Templeton)"
961,"Prynne, J. H. (Jeremy Halvard)"
964,"Purcell, Sally"
965,"Purdy, Al(fred Wellington)"
966,"Putnam, H. Phelps"
968,"Rafat, Taufiq"
970,"Raine, Craig"
972,"Rakosi, Carl"
973,"Ramanujan, A. K."
974,"Ramke, Bin"
975,"Ranasinghe, Anne(liese Katz)"
976,"Rankin, Jennifer"
977,"Ransom, John Crowe"
978,"Rattenbury, Arnold"
979,"Raworth, Tom"
980,"Ray, David"
982,"Read, Sir Herbert (Edward)"
983,"Reading, Peter"
984,"Reaney, James"
986,"Reed, Henry"
987,"Reed, Jeremy"
988,"Reese, Lizette (Woodworth)"
989,"Reeves, Gareth"
990,"Reeves, James"
991,"Reid, Alastair"
992,"Reid, Christopher"
994,"Rexroth, Kenneth"
995,"Reynolds, Oliver"
996,"Reznikoff, Charles"
998,"Rich, Adrienne"
999,"Richards, I. A."
1000,"Rickword, Edgell"
1001,"Riddell, Elizabeth"
1003,Riding Laura
1006,"Roberts, Michael"
1007,"Robinson, Edwin Arlington"
1008,"Robinson, Roland"
1010,"Rodgers, W. R."
1012,"Rodriguez, Judith"
1013,"Roethke, Theodore"
1014,"Rogers, Pattiann"
1015,"Rolls, Eric (Charles)"
1016,"Romer, Stephen"
1018,"Root, William Pitt"
1019,"Rose, Peter"
1020,"Rosenberg, Isaac"
1021,"Rosenblatt, Joe (Joseph)"
1023,"Ross, Alan"
1024,"Ross, W. W. E. (William Wrightson Eustace)"
1025,"Rothenberg, Jerome"
1027,"Rowbotham, David (Harold)"
1028,"Rowland, J. R. (John Russell)"
1029,"Ruark, Gibbons"
1030,"Rubadiri, David"
1031,"Rukeyser, Muriel"
1032,"Rumens, Carol (-Ann)"
1035,"Rutsala, Vern"
1036,"Ryan, Gig (Elizabeth)"
1037,"Ryan, Michael"
1038,"Sacks, Peter"
1039,"Sackville-West, Vita"
1041,"Sail, Lawrence"
1042,"St John, David"
1044,"Salkey, Andrew"
1045,"Salom, Philip"
1047,"Sanchez, Sonia"
1048,"Sandburg, Carl"
1050,"Sant, Andrew"
1053,"Sarton, (Eleanor) May"
1054,"Sassoon, Siegfried (Loraine)"
1055,"Scammell, William"
1056,"Scannell, Vernon"
1058,"Schmidt, Michael"
1059,"Schnackenberg, Gjertrud"
1060,"Schubert, David"
1062,"Schuyler, James"
1063,"Schwartz, Delmore"
1066,"Scott, David"
1067,"Scott, Dennis"
1068,"Scott, F. R."
1070,"Scott, Margaret"
1075,"Scovell, E. J. (Edith Joy)"
1076,"Scupham, (John) Peter"
1079,"Seidel, Frederick"
1081,"Senior, Olive"
1082,"Sepamla, Sipho"
1083,"Serote, Mongane"
1084,"Seth, Vikram"
1085,"Sexton, Anne"
1086,"Seymour, A. J."
1090,"Shapcott, Thomas W."
1091,"Shapiro, Alan"
1092,"Shapiro, Harvey"
1093,"Shapiro, Karl"
1094,"Shetty, Manohar"
1097,"Silkin, Jon"
1099,"Simic, Charles"
1100,"Simmons, James"
1101,"Simpson, Louis"
1102,"Simpson, R. A."
1103,"Singer, (James) Burns"
1106,"Sissman, L. E."
1107,"Sisson, C. H."
1112,"Skelton, Robin"
1113,"Skovron, Alex"
1114,"Skrzynecki, Peter"
1116,"Sleigh, Tom"
1117,"Slessor, Kenneth"
1118,"Smith, A. J. M."
1119,"Smith, Dave"
1120,"Smith, Iain Crichton"
1122,"Smith, Michael"
1123,"Smith, Stevie"
1124,"Smith, Sydney Goodsir"
1125,"Smith, Vivian"
1126,"Smith, William Jay"
1127,"Smither, Elizabeth"
1128,"Smithyman, Kendrick"
1129,"Snodgrass, W. D. (William De Witt)"
1130,"Snyder, Gary"
1131,"Sorley, Charles Hamilton"
1132,"Soto, Gary"
1134,"Souster, Raymond Holmes"
1135,"Soutar, William"
1138,"Spark, Muriel"
1140,"Spear, Charles"
1142,"Spence, Lewis"
1143,"Spencer, Bernard"
1145,"Spender, Sir Stephen"
1146,"Spicer, Jack"
1148,"Squire, Sir John"
1150,"Stafford, William"
1151,"Stainer, Pauline"
1152,"Stallworthy, Jon"
1154,"Stanford, Ann"
1155,"Stanford, Frank"
1157,"Starbuck, George"
1158,"Stead, C. K. (Christian Karlson)"
1159,"Steele, Peter"
1160,"Steele, Timothy"
1162,"Stephens, James"
1163,"Stern, Gerald"
1164,"Stevens, Wallace"
1166,"Stewart, Douglas"
1170,"Stow, Randolph"
1171,"Strand, Mark"
1172,"Strauss, Jennifer"
1173,"Stryk, Lucien"
1174,"Stuart, Dabney"
1175,"Suknaski, Andrew"
1178,"Sweeney, Matthew"
1180,"Swenson, May"
1181,"Swingler, Randall"
1182,"Sykes, Roberta"
1186,"Szirtes, George"
1187,"Szumigalski, Anne"
1188,"Taggard, Genevieve"
1190,"Tate, Allen"
1191,"Tate, James"
1192,"Taylor, Andrew"
1193,"Taylor, Eleanor Ross"
1194,"Taylor, Henry"
1195,"Teasdale, Sara"
1196,"Tessimond, A. S. J. (Arthur Seymour John)"
1197,"Thesen, Sharon"
1199,"Thomas, D. M. (Donald Michael)"
1200,"Thomas, Dylan"
1201,"Thomas, Edward"
1203,"Thomas, R. S. (Ronald Stuart)"
1205,"Thompson, John"
1207,"Thorpe, Adam"
1208,"Thumboo, Edwin"
1209,"Thwaite, Anthony"
1212,"Tillinghast, Richard"
1215,"Tolson, Melvin B."
1216,"Tomlinson, Charles"
1218,"Toomer, Jean"
1219,"Torrence, Ridgely"
1224,"Tranter, John"
1225,"Treece, Henry"
1226,"Trevelyan, R. C."
1229,"Tripp, John"
1230,"Tsaloumas, Dimitris"
1231,"Turnbull, Gael"
1232,"Turner, Brian"
1234,"Turner, W. J."
1235,"Tuwhare, Hone"
1237,"Twichell, Chase"
1239,"Untermeyer, Louis"
1240,"Urdang, Constance"
1241,"Valentine, Jean"
1242,"Van Doren, Mark"
1243,"Van Duyn, Mona"
1244,"Van Wyk, Christopher"
1248,"Viereck, Peter"
1250,"Voigt, Ellen Bryant"
1252,"Waddington, Miriam"
1253,"Wagoner, David"
1254,"Wah, Fred"
1255,"Wain, John"
1256,"Wainwright, Jeffrey"
1257,"Wakoski, Diane"
1258,"Walcott, Derek"
1260,"Walker, Kath"
1261,"Walker, Ted"
1262,"Wallace, Bronwen"
1263,"Wallace-Crabbe, Chris(topher)"
1264,"Wangusa, Timothy"
1265,"Wantling, William"
1267,"Warner, Sylvia Townsend"
1268,"Warren, Robert Penn"
1269,"Warren, Rosanna"
1270,"Watkins, Vernon"
1271,"Wayman, Tom"
1274,"Webb, Harri"
1275,"Webb, Phyllis"
1276,"Wedde, Ian"
1277,"Weiss, Theodore"
1278,"Wellesley, Dorothy (Violet)"
1280,"Wells, Robert"
1281,"Wevill, David"
1282,"Whalen, Philip"
1284,"Wheelwright, John"
1285,"Whigham, Peter"
1287,"White, Kenneth"
1290,"Wieners, John"
1291,"Wikkramasinha, Lakdasa"
1292,"Wilbur, Richard"
1294,"Wilkinson, Anne"
1295,"Williams, Charles"
1297,"Williams, Hugo"
1298,"Williams, John Hartley"
1300,"Williams, Miller"
1302,"Williams, William Carlos"
1303,"Wilmer, Clive"
1304,"Wilmot, Frank"
1308,"Winters, Yvor"
1309,"Wojahn, David"
1311,"Wong, Phui Nam"
1312,"Woodcock, George"
1314,"Wright, Charles"
1315,"Wright, David"
1316,"Wright, James"
1317,"Wright, Judith"
1318,"Wright, Kit"
1319,"Wylie, Elinor (Morton Hoyt)"
1320,"Yap, Arthur"
1322,"Yeats, W. B."
1323,"Young, Andrew"
1324,"Young, Douglas"
1325,"Zamora, Bernice"
1326,"Zaturenska, Marya"
1327,"Zephaniah, Benjamin"
1328,"Zieroth, David"
1329,"Zimunya, Musaemura"
1330,"Zukofsky, Louis"
1332,"Zwicky, Fay"
1333,"Abrahams, Lionel"
1334,"Adnan, Etel"
1335,"Afrika, Tatamkhulu"
1336,"Agbabi, Patience"
1338,"Alexander, Elizabeth"
1339,"Alexander, Meena"
1340,"Alexie, Sherman"
1341,"Allen, Fergus"
1342,"Allnutt, Gillian"
1343,"Alvi, Moniza"
1344,"Anderson, John"
1345,"Andrews, Bruce"
1346,"Antin, David"
1347,"Armantrout, Rae"
1348,"Atkins, Tim"
1349,"Babstock, Ken"
1350,"Bailey, Alfred Goldsworthy"
1351,"Bang, Mary Jo"
1352,"Baugh, Edward"
1354,"Bergvall, Caroline"
1355,"Berkson, Bill"
1356,"Bernstein, Charles"
1357,"Berold, Robert"
1358,"Beveridge, Judith"
1359,"Bila, Vonani"
1362,"Bland, Peter"
1363,"Blaser, Robin"
1364,"Bletsoe, Elizabeth"
1365,"Boey, Kim Cheng"
1366,"Bök, Christian"
1367,"Bonney, Sean"
1368,"Bornholdt, Jenny"
1369,"Borson, Roo"
1370,"Boruch, Marianne"
1371,"Brady, Andrea"
1372,"Brand, Dionne"
1373,"Brandt, Di"
1374,"Breeze, Jean ‘Binta’"
1375,"Brodsky, Joseph"
1376,"Brown, James"
1377,"Brownjohn, Alan"
1378,"Brutus, Dennis"
1379,"Bryce, Colette"
1380,"burns, joanne"
1381,"Caddy, Caroline"
1382,"Cage, John"
1384,Cave Canem
1385,"Capildeo, Vahni"
1386,"Carson, Anne"
1387,"Catling, Brian"
1388,"Ceravalo, Joseph"
1389,"Charman, Janet"
1390,"cheek, cris"
1391,"Chiasson, Dan"
1392,"Chin, Marilyn"
1393,"Chingono, Julius Sekai"
1394,"Clanchy, Kate"
1395,"Clark, Thomas A."
1396,"Clarke, George Elliott"
1397,"Clarke, John Cooper"
1398,"Cobbing, Bob"
1399,"Cochrane, Geoff"
1400,"Coffey, Brian"
1401,"Cohen, Leonard"
1402,"Cole, Henri"
1403,"Collins, Billy"
1404,"Collis, Stephen"
1405,"Coloquhon, Glenn"
1408,"Connolly, Kevin"
1409,"Coolidge, Clark"
1410,"Cope, Wendy"
1411,"Corless-Smith, Martin"
1412,"Croggon, Alison"
1413,"Cronin, M. T. C."
1414,"Crozier, Andrew"
1415,"Das, Mahadai"
1416,"Davies, Kevin"
1417,"Dawes, Kwame"
1418,"Day, Jean"
1419,"Day, Sarah"
1420,"de Kok, Ingrid"
1421,"Deane, John F."
1423,"Delanty, Greg"
1424,"Dennis, Carl"
1425,"Derksen, Jeff"
1426,"Derricotte, Toi"
1428,"Dewdney, Christopher"
1429,"Dharker, Imtiaz"
1430,"Dinh, Linh"
1431,"Di Piero, W. S."
1432,"Dixon, Isobel"
1433,"Doty, Mark"
1434,"Dowling, Finuala"
1435,"Draycott, Jane"
1437,"Duhig, Ian"
1438,"DuPlessis, Rachel Blau"
1439,"Eady, Cornelius"
1440,"Edson, Russell"
1441,"Eggleton, David"
1442,"Elmslie, Kenward"
1443,"Eppel, John"
1444,"Evaristo, Bernadine"
1445,Ezenwa-Ohaeto
1446,"Farley, Paul"
1447,"Fearing, Kenneth"
1448,"Feaver, Vicki"
1449,"Feinstein, Elaine"
1450,"Feldman, Irving"
1451,"Ferguson, Gus"
1452,"Finch, Annie"
1453,"Finch, Peter"
1454,"Finlay, Ian Hamilton"
1455,"Fisher, Allen"
1456,"Flynn, Leontia"
1457,"Fogarty, Lionel G."
1458,"Francis, Matthew"
1459,"Fraser, Kathleen"
1461,"Fuller, William"
1462,"Fulton, Alice"
1463,"Gander, Forrest"
1466,"Giscombe, C. S."
1467,"Gizzi, Peter"
1468,"Goldsmith, Kenneth"
1469,"Goodby, John"
1470,"Goodland, Giles"
1471,"Gray, Sir Alexander"
1472,"Greenlaw, Lavinia"
1473,"Greger, Debora"
1474,"Grenier, Robert"
1475,"Grennan, Eamon"
1476,"Griffiths, Bill"
1477,"Griffiths, Jane"
1478,"Groarke, Vona"
1480,"Hall, Bernadette"
1481,"Halpern, Daniel"
1482,"Hannah, Sophie"
1483,"Harjo, Joy"
1485,"Harryman, Carla"
1486,"Haslam, Michael"
1487,"Hawken, Dinah"
1488,"Haynes, John"
1489,"Hegley, John"
1490,"Heighton, Steven"
1491,"Hejinian, Lyn"
1492,"Henry, Paul"
1493,"Herbert, W. N."
1494,"Herrera, Juan Felipe"
1495,"Hill, Selima"
1496,"Hillmann, Brenda"
1497,"Hilson, Jeff"
1498,"Hippolyte, Kendel"
1499,"Hirshfield, Jane"
1500,"Hoagland, Tony"
1501,"Holden, Molly"
1502,"Honnalgere, Gopal"
1503,"Hooker, (Peter) Jeremy"
1504,"Horovitz, Frances"
1505,"Horovitz, Michael"
1506,"Hoskote, Ranjit"
1507,"Houédard, Dom Sylvester"
1508,"Houston, Libby"
1509,"Howe, Fanny"
1510,"Howe, Susan"
1511,"Howes, Barbara"
1512,"Hutchinson, Pearse"
1515,"James, John"
1516,"Jamie, Kathleen"
1517,"Jarman, Mark"
1518,"Jarnot, Lisa"
1519,"Jensma, Wopko"
1521,"Johnson, Kent"
1522,"Johnson, Ronald"
1523,"Johnston, Andrew"
1524,"Jones, Jill"
1525,"Jordan, June"
1526,"Joseph, Anthony"
1527,"Joseph, Jenny"
1528,"Joyce, Trevor"
1529,"Kantaris, Sylvia"
1530,"Kasischke, Laura"
1531,"Kay, Jackie"
1532,"Kelly, Brigit Pegeen"
1533,"Kennard, Luke"
1534,"Kerouac, Jack"
1535,"Kgositsile, Keorapetse"
1536,"Khalvati, Mimi"
1537,"King, Amy"
1538,"Kinsella, John"
1539,"Kinzie, Mary"
1540,"Kleinzahler, August"
1541,"Kocan, Peter"
1542,"Kooser, Ted"
1544,"Kumar, Shiv K."
1545,"Kuppner, Frank"
1546,"Langley, R. F."
1548,"Larkin, Peter"
1549,"Larkin, Philip"
1550,"Lauterbach, Ann"
1551,"Lawrence, Anthony"
1552,"Lee, Li-Young"
1553,"Lee, Li-Young"
1554,"Leggott, Michele"
1555,"Lerner, Ben"
1556,"Lewis, Gwyneth"
1557,"Liardet, Tim"
1558,"Lilburn, Tim(othy)"
1559,"Lindsay, Graham"
1560,"Liu, Timothy"
1561,"Lo Liyong, Taban"
1562,"Lopez, Tony"
1563,"Lumsden, Roddy"
1564,"Lynch, Thomas"
1565,"McCaffery, Steve"
1566,"McDonald, Ian"
1567,"McGimpsey, David"
1568,"McGough, Roger"
1569,"MacGreevy, Thomas"
1570,"McGuckian, Medbh"
1571,"McHugh, Heather"
1572,"McKay, Don(ald)"
1573,"McKendrick, Jamie"
1574,"Mackey, Nathaniel"
1575,"Mackie, Alastair"
1576,"Macleod, Joseph"
1577,"Mac Low, Jackson"
1578,"McQueen, Cilla"
1579,"MacSweeney, Barry"
1580,"Maguire, Sarah"
1581,"Major, Clarence"
1582,"Manson, Peter"
1583,"Mapanje, Jack"
1585,"Mattawa, Khaled"
1586,"Mayer, Bernadette"
1587,"Meehan, Paula"
1588,"Metelerkamp, Joan"
1589,"Miller, Kei"
1590,"Milne, Drew"
1591,"Minter, Peter"
1592,"Mishra, Sudesh"
1594,"Molloy, Dorothy"
1595,"Monk, Geraldine"
1596,"Moolman, Kobus"
1597,"Morgan, Esther"
1598,"Moritz, A. F."
1599,"Morley, David"
1600,"Morris, John N."
1601,"Morrissey, Sinéad"
1603,"Moxley, Jennifer"
1604,"Mulford, Wendy"
1605,"Mullen, Harryette"
1606,"Nair, Rukmini Bhaya"
1611,"Notley, Alice"
1612,"Nurkse, D."
1613,"Nwankwo, Chimalum"
1614,"Nye, Naomi Shihab"
1615,"Nyezwa, Mxolisi"
1616,"O’Callaghan, Conor"
1617,"O’Donoghue, Bernard"
1618,"O’Driscoll, Denis"
1619,"Oliver, Douglas"
1620,"Ormsby, Eric"
1621,"Orr, Bob (Robert)"
1622,"O’Sullivan, Maggie"
1623,"Oswald, Alice"
1625,"Padel, Ruth"
1626,"Pang, Alvin"
1627,"Paterson, Don"
1628,"Patten, Brian"
1629,"Peacocke, Meg"
1630,"Peck, John (Frederick)"
1631,"Perelman, Bob (Robert)"
1632,"Petit, Pascale"
1633,"Philip, Marlene Nourbese"
1634,"Phillips, Carl"
1635,"Pitt-Kethley, Fiona"
1636,"Place, Vanessa"
1637,"Plumly, Stanley"
1638,"Porter, Dorothy (Featherstone)"
1639,"Pound, Ezra (Loomis)"
1640,"Powell, D. A."
1641,"Presley, Frances"
1642,"Press, Karen"
1643,"Price, Richard"
1644,"Pugh, Sheenah"
1645,"Quinn, Justin"
1646,"Rahim, Jennifer"
1647,"Raine, Kathleen"
1648,"Raji, Remi"
1649,"Ramakrishnan, E. V."
1650,"Rampolokeng, Lesego"
1651,"Rankine, Claudia"
1652,"Rao, Mani"
1653,"Rayaprol, Srinivas"
1654,"Redgrove, Peter"
1655,"Rees-Jones, Deryn"
1656,"Retallack, Joan"
1657,"Ridler, Anne"
1658,"Riley, Denise"
1659,"Riley, John"
1660,"Riley, Peter"
1661,"Riordan, Maurice"
1662,"Roach, Eric"
1663,"Roberts, Lynette"
1664,"Robertson, Lisa"
1665,"Robertson, Robin"
1666,"Robinson, Peter"
1667,"Rodefer, Stephen"
1668,"Rohrer, Matthew"
1669,"Rudman, Mark"
1670,"Ruefle, Mary"
1671,"Ryan, Kay"
1672,"Ryan, Tracy"
1673,"Sadoff, Ira"
1675,"Sallah, Tijan Momodou"
1676,"Salter, Mary Jo"
1677,"Sampson, Fiona"
1678,"Samuels, Lisa"
1680,"Sarah, Robyn"
1681,"Saroyan, Aram"
1682,"Scalapino, Leslie"
1683,"Schulman, Grace"
1684,"Schwartzman, Adam"
1686,"Scott, John A."
1687,"Scott, Winfield Townley"
1688,"Seboni, Barolong"
1689,"Shapcott, Jo"
1690,"Shuttle, Penelope"
1691,"Silko, Leslie Marmon"
1692,"Silliman, Ron"
1693,"Simms, Colin"
1694,"Sirr, Peter"
1695,"Sissay, Lemn"
1696,"Sitwell, Dame Edith"
1697,"Skoulding, Zoë"
1698,"Smith, Ken(neth John)"
1699,"Smith, Simon"
1700,"Sole, Kelwyn"
1701,"Solie, Karen"
1702,"Solway, David"
1703,"Song, Cathy"
1704,"Soyinka, Wole"
1705,"Spahr, Juliana"
1706,"Sparshott, Francis"
1707,"Spires, Elizabeth"
1708,"Sprackland, Jean"
1709,"Stammers, John"
1711,"Stefans, Brian Kim"
1712,"Stein, Gertrude"
1713,"Stevenson, Anne"
1714,"Stewart, Susan"
1715,"Stone, Ruth"
1716,"Strang, Catriona"
1717,"Sullivan, Robert"
1719,"Surendran, C.P."
1720,"Sutherland, Keston"
1721,"Swensen, Cole"
1722,"Swift, Todd"
1723,"Symmons Roberts, Michael"
1724,"Sze, Arthur Jiazhang"
1725,"Thayil, Jeet"
1726,"Tipping, Richard"
1727,"Toh, Hsien Min"
1728,"Tonks, Rosemary"
1729,"Torrance, Chris"
1730,"Trethewey, Natasha"
1731,"Trimpi, Helen"
1732,"Turner, Frederick"
1733,"Vidiikas, Vicki"
1734,"Violi, Paul"
1735,"Volkman, Karen"
1736,"Wagner, Catherine"
1737,"Waldman, Anne"
1738,"Waldrop, Rosmarie"
1739,"Walsh, Catherine"
1740,"Watson, Stephen"
1741,"Watten, Barrett"
1742,"Wearne, Alan"
1743,"Weaver, Afaa M."
1744,"Webb, Francis"
1745,"Weiner, Hannah"
1746,"Welish, Marjorie"
1748,"Wendt, Albert"
1749,"Wheatley, David"
1750,"Wheeler, Susan"
1751,"Whitworth, John"
1752,"Wickham, Anna"
1753,"Wicks, Susan"
1754,"Wilkinson, John"
1755,"Williams, C. K."
1756,"Williams, Jonathan"
1757,"Willis, Elizabeth"
1758,"Wiman, Christian"
1759,"Wingfield, Sheila"
1760,"Wong, Cyril"
1761,"Wright, C. D."
1762,"Wright, Franz"
1763,"Wright, Jay"
1764,"Yau, John"
1765,"Yong, Shu Hoong"
1766,"Young, Dean"
1767,"Young, Kevin"
1768,"Yu, Ouyang"
1769,"Zapruder, Matthew"
1770,"Zolf, Rachel"
1771,"Zwicky, Jan"
1772,"McDonald, Peter"
1773,"Healy, Randolph"
1774,"Mlinko, Ange"
1775,Mudrooroo
1776,"O’Brien, Gregory"
1777,"Sobin, Gustaf"
1778,"Kinloch, David"
